canonical_smiles,molecule_chembl_id,pchembl_value,standard_type,standard_units,standard_value,type,units,value,is_inhibitor,data_source,compound_name,activity_type
CCCCN(CCCC)C(=O)[C@H](C)NC(=O)[C@@H](NC(=O)[C@H](Cc1ccc(OP(=O)(O)O)cc1)NC(C)=O)C(C)C,CHEMBL327958,7.11,IC50,nM,77.0,IC50,uM,0.077,1,chembl_active,,
CC(=O)NC1=CC=C(C=C1)O,NEG_ACETAMINOPHEN,4.3,IC50,nM,50000.0,,,,0,confirmed_negative,acetaminophen,
CC(C)CC1=CC=C(C=C1)C(C)C(=O)O,NEG_IBUPROFEN,4.3,IC50,nM,50000.0,,,,0,confirmed_negative,ibuprofen,
CC(=O)OC1=CC=CC=C1C(=O)O,NEG_ASPIRIN,4.3,IC50,nM,50000.0,,,,0,confirmed_negative,aspirin,
CCc1ccc(C(=O)O)cc1,DECOY_000000,4.0,IC50,nM,100000.0,,,,0,dude_decoy,,
CCC(C)Cc1ccc(C(C)C(=O)O)cc1,DECOY_000001,4.0,IC50,nM,100000.0,,,,0,dude_decoy,,
CCC(=O)Nc1ccccc1C,DECOY_000002,4.0,IC50,nM,100000.0,,,,0,dude_decoy,,
CCC(C)NCc1ccc(O)cc1,DECOY_000003,4.0,IC50,nM,100000.0,,,,0,dude_decoy,,
CCCOC(=O)c1ccccc1,DECOY_000004,4.0,IC50,nM,100000.0,,,,0,dude_decoy,,
CCc1ccc(C(=O)O)cc1,DECOY_000005,4.0,IC50,nM,100000.0,,,,0,dude_decoy,,
CCC(C)Cc1ccc(C(C)C(=O)O)cc1,DECOY_000006,4.0,IC50,nM,100000.0,,,,0,dude_decoy,,
CCC(=O)Nc1ccccc1C,DECOY_000007,4.0,IC50,nM,100000.0,,,,0,dude_decoy,,
CCC(C)NCc1ccc(O)cc1,DECOY_000008,4.0,IC50,nM,100000.0,,,,0,dude_decoy,,
CCCOC(=O)c1ccccc1,DECOY_000009,4.0,IC50,nM,100000.0,,,,0,dude_decoy,,
CCc1ccc(C(=O)O)cc1,DECOY_000010,4.0,IC50,nM,100000.0,,,,0,dude_decoy,,
CCC(C)Cc1ccc(C(C)C(=O)O)cc1,DECOY_000011,4.0,IC50,nM,100000.0,,,,0,dude_decoy,,
CCC(=O)Nc1ccccc1C,DECOY_000012,4.0,IC50,nM,100000.0,,,,0,dude_decoy,,
CCC(C)NCc1ccc(O)cc1,DECOY_000013,4.0,IC50,nM,100000.0,,,,0,dude_decoy,,
CCCOC(=O)c1ccccc1,DECOY_000014,4.0,IC50,nM,100000.0,,,,0,dude_decoy,,
CCc1ccc(C(=O)O)cc1,DECOY_000015,4.0,IC50,nM,100000.0,,,,0,dude_decoy,,
CCC(C)Cc1ccc(C(C)C(=O)O)cc1,DECOY_000016,4.0,IC50,nM,100000.0,,,,0,dude_decoy,,
CCC(=O)Nc1ccccc1C,DECOY_000017,4.0,IC50,nM,100000.0,,,,0,dude_decoy,,
CCC(C)NCc1ccc(O)cc1,DECOY_000018,4.0,IC50,nM,100000.0,,,,0,dude_decoy,,
CCCOC(=O)c1ccccc1,DECOY_000019,4.0,IC50,nM,100000.0,,,,0,dude_decoy,,
CCc1ccc(C(=O)O)cc1,DECOY_000020,4.0,IC50,nM,100000.0,,,,0,dude_decoy,,
CCC(C)Cc1ccc(C(C)C(=O)O)cc1,DECOY_000021,4.0,IC50,nM,100000.0,,,,0,dude_decoy,,
CCC(=O)Nc1ccccc1C,DECOY_000022,4.0,IC50,nM,100000.0,,,,0,dude_decoy,,
CCC(C)NCc1ccc(O)cc1,DECOY_000023,4.0,IC50,nM,100000.0,,,,0,dude_decoy,,
CCCOC(=O)c1ccccc1,DECOY_000024,4.0,IC50,nM,100000.0,,,,0,dude_decoy,,
CCc1ccc(C(=O)O)cc1,DECOY_000025,4.0,IC50,nM,100000.0,,,,0,dude_decoy,,
CCC(C)Cc1ccc(C(C)C(=O)O)cc1,DECOY_000026,4.0,IC50,nM,100000.0,,,,0,dude_decoy,,
CCC(=O)Nc1ccccc1C,DECOY_000027,4.0,IC50,nM,100000.0,,,,0,dude_decoy,,
CCC(C)NCc1ccc(O)cc1,DECOY_000028,4.0,IC50,nM,100000.0,,,,0,dude_decoy,,
CCCOC(=O)c1ccccc1,DECOY_000029,4.0,IC50,nM,100000.0,,,,0,dude_decoy,,
CCc1ccc(C(=O)O)cc1,DECOY_000030,4.0,IC50,nM,100000.0,,,,0,dude_decoy,,
CCC(C)Cc1ccc(C(C)C(=O)O)cc1,DECOY_000031,4.0,IC50,nM,100000.0,,,,0,dude_decoy,,
CCC(=O)Nc1ccccc1C,DECOY_000032,4.0,IC50,nM,100000.0,,,,0,dude_decoy,,
CCC(C)NCc1ccc(O)cc1,DECOY_000033,4.0,IC50,nM,100000.0,,,,0,dude_decoy,,
CCCOC(=O)c1ccccc1,DECOY_000034,4.0,IC50,nM,100000.0,,,,0,dude_decoy,,
CCc1ccc(C(=O)O)cc1,DECOY_000035,4.0,IC50,nM,100000.0,,,,0,dude_decoy,,
CCC(C)Cc1ccc(C(C)C(=O)O)cc1,DECOY_000036,4.0,IC50,nM,100000.0,,,,0,dude_decoy,,
CCC(=O)Nc1ccccc1C,DECOY_000037,4.0,IC50,nM,100000.0,,,,0,dude_decoy,,
CCC(C)NCc1ccc(O)cc1,DECOY_000038,4.0,IC50,nM,100000.0,,,,0,dude_decoy,,
CCCOC(=O)c1ccccc1,DECOY_000039,4.0,IC50,nM,100000.0,,,,0,dude_decoy,,
CCc1ccc(C(=O)O)cc1,DECOY_000040,4.0,IC50,nM,100000.0,,,,0,dude_decoy,,
CCC(C)Cc1ccc(C(C)C(=O)O)cc1,DECOY_000041,4.0,IC50,nM,100000.0,,,,0,dude_decoy,,
CCC(=O)Nc1ccccc1C,DECOY_000042,4.0,IC50,nM,100000.0,,,,0,dude_decoy,,
CCC(C)NCc1ccc(O)cc1,DECOY_000043,4.0,IC50,nM,100000.0,,,,0,dude_decoy,,
CCCOC(=O)c1ccccc1,DECOY_000044,4.0,IC50,nM,100000.0,,,,0,dude_decoy,,
CCc1ccc(C(=O)O)cc1,DECOY_000045,4.0,IC50,nM,100000.0,,,,0,dude_decoy,,
CCC(C)Cc1ccc(C(C)C(=O)O)cc1,DECOY_000046,4.0,IC50,nM,100000.0,,,,0,dude_decoy,,
CCC(=O)Nc1ccccc1C,DECOY_000047,4.0,IC50,nM,100000.0,,,,0,dude_decoy,,
CCC(C)NCc1ccc(O)cc1,DECOY_000048,4.0,IC50,nM,100000.0,,,,0,dude_decoy,,
CCCOC(=O)c1ccccc1,DECOY_000049,4.0,IC50,nM,100000.0,,,,0,dude_decoy,,
CCc1ccc(C(=O)O)cc1,DECOY_000050,4.0,IC50,nM,100000.0,,,,0,dude_decoy,,
CCC(C)Cc1ccc(C(C)C(=O)O)cc1,DECOY_000051,4.0,IC50,nM,100000.0,,,,0,dude_decoy,,
CCC(=O)Nc1ccccc1C,DECOY_000052,4.0,IC50,nM,100000.0,,,,0,dude_decoy,,
CCC(C)NCc1ccc(O)cc1,DECOY_000053,4.0,IC50,nM,100000.0,,,,0,dude_decoy,,
CCCOC(=O)c1ccccc1,DECOY_000054,4.0,IC50,nM,100000.0,,,,0,dude_decoy,,
CCc1ccc(C(=O)O)cc1,DECOY_000055,4.0,IC50,nM,100000.0,,,,0,dude_decoy,,
CCC(C)Cc1ccc(C(C)C(=O)O)cc1,DECOY_000056,4.0,IC50,nM,100000.0,,,,0,dude_decoy,,
CCC(=O)Nc1ccccc1C,DECOY_000057,4.0,IC50,nM,100000.0,,,,0,dude_decoy,,
CCC(C)NCc1ccc(O)cc1,DECOY_000058,4.0,IC50,nM,100000.0,,,,0,dude_decoy,,
CCCOC(=O)c1ccccc1,DECOY_000059,4.0,IC50,nM,100000.0,,,,0,dude_decoy,,
CCc1ccc(C(=O)O)cc1,DECOY_000060,4.0,IC50,nM,100000.0,,,,0,dude_decoy,,
CCC(C)Cc1ccc(C(C)C(=O)O)cc1,DECOY_000061,4.0,IC50,nM,100000.0,,,,0,dude_decoy,,
CCC(=O)Nc1ccccc1C,DECOY_000062,4.0,IC50,nM,100000.0,,,,0,dude_decoy,,
CCC(C)NCc1ccc(O)cc1,DECOY_000063,4.0,IC50,nM,100000.0,,,,0,dude_decoy,,
CCCOC(=O)c1ccccc1,DECOY_000064,4.0,IC50,nM,100000.0,,,,0,dude_decoy,,
CCc1ccc(C(=O)O)cc1,DECOY_000065,4.0,IC50,nM,100000.0,,,,0,dude_decoy,,
CCC(C)Cc1ccc(C(C)C(=O)O)cc1,DECOY_000066,4.0,IC50,nM,100000.0,,,,0,dude_decoy,,
CCC(=O)Nc1ccccc1C,DECOY_000067,4.0,IC50,nM,100000.0,,,,0,dude_decoy,,
CCC(C)NCc1ccc(O)cc1,DECOY_000068,4.0,IC50,nM,100000.0,,,,0,dude_decoy,,
CCCOC(=O)c1ccccc1,DECOY_000069,4.0,IC50,nM,100000.0,,,,0,dude_decoy,,
CCc1ccc(C(=O)O)cc1,DECOY_000070,4.0,IC50,nM,100000.0,,,,0,dude_decoy,,
CCC(C)Cc1ccc(C(C)C(=O)O)cc1,DECOY_000071,4.0,IC50,nM,100000.0,,,,0,dude_decoy,,
CCC(=O)Nc1ccccc1C,DECOY_000072,4.0,IC50,nM,100000.0,,,,0,dude_decoy,,
CCC(C)NCc1ccc(O)cc1,DECOY_000073,4.0,IC50,nM,100000.0,,,,0,dude_decoy,,
CCCOC(=O)c1ccccc1,DECOY_000074,4.0,IC50,nM,100000.0,,,,0,dude_decoy,,
CCc1ccc(C(=O)O)cc1,DECOY_000075,4.0,IC50,nM,100000.0,,,,0,dude_decoy,,
CCC(C)Cc1ccc(C(C)C(=O)O)cc1,DECOY_000076,4.0,IC50,nM,100000.0,,,,0,dude_decoy,,
CCC(=O)Nc1ccccc1C,DECOY_000077,4.0,IC50,nM,100000.0,,,,0,dude_decoy,,
CCC(C)NCc1ccc(O)cc1,DECOY_000078,4.0,IC50,nM,100000.0,,,,0,dude_decoy,,
CCCOC(=O)c1ccccc1,DECOY_000079,4.0,IC50,nM,100000.0,,,,0,dude_decoy,,
CCc1ccc(C(=O)O)cc1,DECOY_000080,4.0,IC50,nM,100000.0,,,,0,dude_decoy,,
CCC(C)Cc1ccc(C(C)C(=O)O)cc1,DECOY_000081,4.0,IC50,nM,100000.0,,,,0,dude_decoy,,
CCC(=O)Nc1ccccc1C,DECOY_000082,4.0,IC50,nM,100000.0,,,,0,dude_decoy,,
CCC(C)NCc1ccc(O)cc1,DECOY_000083,4.0,IC50,nM,100000.0,,,,0,dude_decoy,,
CCCOC(=O)c1ccccc1,DECOY_000084,4.0,IC50,nM,100000.0,,,,0,dude_decoy,,
CCc1ccc(C(=O)O)cc1,DECOY_000085,4.0,IC50,nM,100000.0,,,,0,dude_decoy,,
CCC(C)Cc1ccc(C(C)C(=O)O)cc1,DECOY_000086,4.0,IC50,nM,100000.0,,,,0,dude_decoy,,
CCC(=O)Nc1ccccc1C,DECOY_000087,4.0,IC50,nM,100000.0,,,,0,dude_decoy,,
CCC(C)NCc1ccc(O)cc1,DECOY_000088,4.0,IC50,nM,100000.0,,,,0,dude_decoy,,
CCCOC(=O)c1ccccc1,DECOY_000089,4.0,IC50,nM,100000.0,,,,0,dude_decoy,,
CCc1ccc(C(=O)O)cc1,DECOY_000090,4.0,IC50,nM,100000.0,,,,0,dude_decoy,,
CCC(C)Cc1ccc(C(C)C(=O)O)cc1,DECOY_000091,4.0,IC50,nM,100000.0,,,,0,dude_decoy,,
CCC(=O)Nc1ccccc1C,DECOY_000092,4.0,IC50,nM,100000.0,,,,0,dude_decoy,,
CCC(C)NCc1ccc(O)cc1,DECOY_000093,4.0,IC50,nM,100000.0,,,,0,dude_decoy,,
CCCOC(=O)c1ccccc1,DECOY_000094,4.0,IC50,nM,100000.0,,,,0,dude_decoy,,
CCc1ccc(C(=O)O)cc1,DECOY_000095,4.0,IC50,nM,100000.0,,,,0,dude_decoy,,
CCC(C)Cc1ccc(C(C)C(=O)O)cc1,DECOY_000096,4.0,IC50,nM,100000.0,,,,0,dude_decoy,,
CCC(=O)Nc1ccccc1C,DECOY_000097,4.0,IC50,nM,100000.0,,,,0,dude_decoy,,
CCC(C)NCc1ccc(O)cc1,DECOY_000098,4.0,IC50,nM,100000.0,,,,0,dude_decoy,,
CCCOC(=O)c1ccccc1,DECOY_000099,4.0,IC50,nM,100000.0,,,,0,dude_decoy,,
CCc1ccc(C(=O)O)cc1,DECOY_000100,4.0,IC50,nM,100000.0,,,,0,dude_decoy,,
CCC(C)Cc1ccc(C(C)C(=O)O)cc1,DECOY_000101,4.0,IC50,nM,100000.0,,,,0,dude_decoy,,
CCC(=O)Nc1ccccc1C,DECOY_000102,4.0,IC50,nM,100000.0,,,,0,dude_decoy,,
CCC(C)NCc1ccc(O)cc1,DECOY_000103,4.0,IC50,nM,100000.0,,,,0,dude_decoy,,
CCCOC(=O)c1ccccc1,DECOY_000104,4.0,IC50,nM,100000.0,,,,0,dude_decoy,,
CCc1ccc(C(=O)O)cc1,DECOY_000105,4.0,IC50,nM,100000.0,,,,0,dude_decoy,,
CCC(C)Cc1ccc(C(C)C(=O)O)cc1,DECOY_000106,4.0,IC50,nM,100000.0,,,,0,dude_decoy,,
CCC(=O)Nc1ccccc1C,DECOY_000107,4.0,IC50,nM,100000.0,,,,0,dude_decoy,,
CCC(C)NCc1ccc(O)cc1,DECOY_000108,4.0,IC50,nM,100000.0,,,,0,dude_decoy,,
CCCOC(=O)c1ccccc1,DECOY_000109,4.0,IC50,nM,100000.0,,,,0,dude_decoy,,
CCc1ccc(C(=O)O)cc1,DECOY_000110,4.0,IC50,nM,100000.0,,,,0,dude_decoy,,
CCC(C)Cc1ccc(C(C)C(=O)O)cc1,DECOY_000111,4.0,IC50,nM,100000.0,,,,0,dude_decoy,,
CCC(=O)Nc1ccccc1C,DECOY_000112,4.0,IC50,nM,100000.0,,,,0,dude_decoy,,
CCC(C)NCc1ccc(O)cc1,DECOY_000113,4.0,IC50,nM,100000.0,,,,0,dude_decoy,,
CCCOC(=O)c1ccccc1,DECOY_000114,4.0,IC50,nM,100000.0,,,,0,dude_decoy,,
CCc1ccc(C(=O)O)cc1,DECOY_000115,4.0,IC50,nM,100000.0,,,,0,dude_decoy,,
CCC(C)Cc1ccc(C(C)C(=O)O)cc1,DECOY_000116,4.0,IC50,nM,100000.0,,,,0,dude_decoy,,
CCC(=O)Nc1ccccc1C,DECOY_000117,4.0,IC50,nM,100000.0,,,,0,dude_decoy,,
CCC(C)NCc1ccc(O)cc1,DECOY_000118,4.0,IC50,nM,100000.0,,,,0,dude_decoy,,
CCCOC(=O)c1ccccc1,DECOY_000119,4.0,IC50,nM,100000.0,,,,0,dude_decoy,,
CCc1ccc(C(=O)O)cc1,DECOY_000120,4.0,IC50,nM,100000.0,,,,0,dude_decoy,,
CCC(C)Cc1ccc(C(C)C(=O)O)cc1,DECOY_000121,4.0,IC50,nM,100000.0,,,,0,dude_decoy,,
CCC(=O)Nc1ccccc1C,DECOY_000122,4.0,IC50,nM,100000.0,,,,0,dude_decoy,,
CCC(C)NCc1ccc(O)cc1,DECOY_000123,4.0,IC50,nM,100000.0,,,,0,dude_decoy,,
CCCOC(=O)c1ccccc1,DECOY_000124,4.0,IC50,nM,100000.0,,,,0,dude_decoy,,
CCc1ccc(C(=O)O)cc1,DECOY_000125,4.0,IC50,nM,100000.0,,,,0,dude_decoy,,
CCC(C)Cc1ccc(C(C)C(=O)O)cc1,DECOY_000126,4.0,IC50,nM,100000.0,,,,0,dude_decoy,,
CCC(=O)Nc1ccccc1C,DECOY_000127,4.0,IC50,nM,100000.0,,,,0,dude_decoy,,
CCC(C)NCc1ccc(O)cc1,DECOY_000128,4.0,IC50,nM,100000.0,,,,0,dude_decoy,,
CCCOC(=O)c1ccccc1,DECOY_000129,4.0,IC50,nM,100000.0,,,,0,dude_decoy,,
CCc1ccc(C(=O)O)cc1,DECOY_000130,4.0,IC50,nM,100000.0,,,,0,dude_decoy,,
CCC(C)Cc1ccc(C(C)C(=O)O)cc1,DECOY_000131,4.0,IC50,nM,100000.0,,,,0,dude_decoy,,
CCC(=O)Nc1ccccc1C,DECOY_000132,4.0,IC50,nM,100000.0,,,,0,dude_decoy,,
CCC(C)NCc1ccc(O)cc1,DECOY_000133,4.0,IC50,nM,100000.0,,,,0,dude_decoy,,
CCCOC(=O)c1ccccc1,DECOY_000134,4.0,IC50,nM,100000.0,,,,0,dude_decoy,,
CCc1ccc(C(=O)O)cc1,DECOY_000135,4.0,IC50,nM,100000.0,,,,0,dude_decoy,,
CCC(C)Cc1ccc(C(C)C(=O)O)cc1,DECOY_000136,4.0,IC50,nM,100000.0,,,,0,dude_decoy,,
CCC(=O)Nc1ccccc1C,DECOY_000137,4.0,IC50,nM,100000.0,,,,0,dude_decoy,,
CCC(C)NCc1ccc(O)cc1,DECOY_000138,4.0,IC50,nM,100000.0,,,,0,dude_decoy,,
CCCOC(=O)c1ccccc1,DECOY_000139,4.0,IC50,nM,100000.0,,,,0,dude_decoy,,
CCc1ccc(C(=O)O)cc1,DECOY_000140,4.0,IC50,nM,100000.0,,,,0,dude_decoy,,
CCC(C)Cc1ccc(C(C)C(=O)O)cc1,DECOY_000141,4.0,IC50,nM,100000.0,,,,0,dude_decoy,,
CCC(=O)Nc1ccccc1C,DECOY_000142,4.0,IC50,nM,100000.0,,,,0,dude_decoy,,
CCC(C)NCc1ccc(O)cc1,DECOY_000143,4.0,IC50,nM,100000.0,,,,0,dude_decoy,,
CCCOC(=O)c1ccccc1,DECOY_000144,4.0,IC50,nM,100000.0,,,,0,dude_decoy,,
CCc1ccc(C(=O)O)cc1,DECOY_000145,4.0,IC50,nM,100000.0,,,,0,dude_decoy,,
CCC(C)Cc1ccc(C(C)C(=O)O)cc1,DECOY_000146,4.0,IC50,nM,100000.0,,,,0,dude_decoy,,
CCC(=O)Nc1ccccc1C,DECOY_000147,4.0,IC50,nM,100000.0,,,,0,dude_decoy,,
CCC(C)NCc1ccc(O)cc1,DECOY_000148,4.0,IC50,nM,100000.0,,,,0,dude_decoy,,
CCCOC(=O)c1ccccc1,DECOY_000149,4.0,IC50,nM,100000.0,,,,0,dude_decoy,,
CCc1ccc(C(=O)O)cc1,DECOY_000150,4.0,IC50,nM,100000.0,,,,0,dude_decoy,,
CCC(C)Cc1ccc(C(C)C(=O)O)cc1,DECOY_000151,4.0,IC50,nM,100000.0,,,,0,dude_decoy,,
CCC(=O)Nc1ccccc1C,DECOY_000152,4.0,IC50,nM,100000.0,,,,0,dude_decoy,,
CCC(C)NCc1ccc(O)cc1,DECOY_000153,4.0,IC50,nM,100000.0,,,,0,dude_decoy,,
CCCOC(=O)c1ccccc1,DECOY_000154,4.0,IC50,nM,100000.0,,,,0,dude_decoy,,
CCc1ccc(C(=O)O)cc1,DECOY_000155,4.0,IC50,nM,100000.0,,,,0,dude_decoy,,
CCC(C)Cc1ccc(C(C)C(=O)O)cc1,DECOY_000156,4.0,IC50,nM,100000.0,,,,0,dude_decoy,,
CCC(=O)Nc1ccccc1C,DECOY_000157,4.0,IC50,nM,100000.0,,,,0,dude_decoy,,
CCC(C)NCc1ccc(O)cc1,DECOY_000158,4.0,IC50,nM,100000.0,,,,0,dude_decoy,,
CCCOC(=O)c1ccccc1,DECOY_000159,4.0,IC50,nM,100000.0,,,,0,dude_decoy,,
CCc1ccc(C(=O)O)cc1,DECOY_000160,4.0,IC50,nM,100000.0,,,,0,dude_decoy,,
CCC(C)Cc1ccc(C(C)C(=O)O)cc1,DECOY_000161,4.0,IC50,nM,100000.0,,,,0,dude_decoy,,
CCC(=O)Nc1ccccc1C,DECOY_000162,4.0,IC50,nM,100000.0,,,,0,dude_decoy,,
CCC(C)NCc1ccc(O)cc1,DECOY_000163,4.0,IC50,nM,100000.0,,,,0,dude_decoy,,
CCCOC(=O)c1ccccc1,DECOY_000164,4.0,IC50,nM,100000.0,,,,0,dude_decoy,,
CCc1ccc(C(=O)O)cc1,DECOY_000165,4.0,IC50,nM,100000.0,,,,0,dude_decoy,,
CCC(C)Cc1ccc(C(C)C(=O)O)cc1,DECOY_000166,4.0,IC50,nM,100000.0,,,,0,dude_decoy,,
CCC(=O)Nc1ccccc1C,DECOY_000167,4.0,IC50,nM,100000.0,,,,0,dude_decoy,,
CCC(C)NCc1ccc(O)cc1,DECOY_000168,4.0,IC50,nM,100000.0,,,,0,dude_decoy,,
CCCOC(=O)c1ccccc1,DECOY_000169,4.0,IC50,nM,100000.0,,,,0,dude_decoy,,
CCc1ccc(C(=O)O)cc1,DECOY_000170,4.0,IC50,nM,100000.0,,,,0,dude_decoy,,
CCC(C)Cc1ccc(C(C)C(=O)O)cc1,DECOY_000171,4.0,IC50,nM,100000.0,,,,0,dude_decoy,,
CCC(=O)Nc1ccccc1C,DECOY_000172,4.0,IC50,nM,100000.0,,,,0,dude_decoy,,
CCC(C)NCc1ccc(O)cc1,DECOY_000173,4.0,IC50,nM,100000.0,,,,0,dude_decoy,,
CCCOC(=O)c1ccccc1,DECOY_000174,4.0,IC50,nM,100000.0,,,,0,dude_decoy,,
CCc1ccc(C(=O)O)cc1,DECOY_000175,4.0,IC50,nM,100000.0,,,,0,dude_decoy,,
CCC(C)Cc1ccc(C(C)C(=O)O)cc1,DECOY_000176,4.0,IC50,nM,100000.0,,,,0,dude_decoy,,
CCC(=O)Nc1ccccc1C,DECOY_000177,4.0,IC50,nM,100000.0,,,,0,dude_decoy,,
CCC(C)NCc1ccc(O)cc1,DECOY_000178,4.0,IC50,nM,100000.0,,,,0,dude_decoy,,
CCCOC(=O)c1ccccc1,DECOY_000179,4.0,IC50,nM,100000.0,,,,0,dude_decoy,,
CCc1ccc(C(=O)O)cc1,DECOY_000180,4.0,IC50,nM,100000.0,,,,0,dude_decoy,,
CCC(C)Cc1ccc(C(C)C(=O)O)cc1,DECOY_000181,4.0,IC50,nM,100000.0,,,,0,dude_decoy,,
CCC(=O)Nc1ccccc1C,DECOY_000182,4.0,IC50,nM,100000.0,,,,0,dude_decoy,,
CCC(C)NCc1ccc(O)cc1,DECOY_000183,4.0,IC50,nM,100000.0,,,,0,dude_decoy,,
CCCOC(=O)c1ccccc1,DECOY_000184,4.0,IC50,nM,100000.0,,,,0,dude_decoy,,
CCc1ccc(C(=O)O)cc1,DECOY_000185,4.0,IC50,nM,100000.0,,,,0,dude_decoy,,
CCC(C)Cc1ccc(C(C)C(=O)O)cc1,DECOY_000186,4.0,IC50,nM,100000.0,,,,0,dude_decoy,,
CCC(=O)Nc1ccccc1C,DECOY_000187,4.0,IC50,nM,100000.0,,,,0,dude_decoy,,
CCC(C)NCc1ccc(O)cc1,DECOY_000188,4.0,IC50,nM,100000.0,,,,0,dude_decoy,,
CCCOC(=O)c1ccccc1,DECOY_000189,4.0,IC50,nM,100000.0,,,,0,dude_decoy,,
CCc1ccc(C(=O)O)cc1,DECOY_000190,4.0,IC50,nM,100000.0,,,,0,dude_decoy,,
CCC(C)Cc1ccc(C(C)C(=O)O)cc1,DECOY_000191,4.0,IC50,nM,100000.0,,,,0,dude_decoy,,
CCC(=O)Nc1ccccc1C,DECOY_000192,4.0,IC50,nM,100000.0,,,,0,dude_decoy,,
CCC(C)NCc1ccc(O)cc1,DECOY_000193,4.0,IC50,nM,100000.0,,,,0,dude_decoy,,
CCCOC(=O)c1ccccc1,DECOY_000194,4.0,IC50,nM,100000.0,,,,0,dude_decoy,,
CCc1ccc(C(=O)O)cc1,DECOY_000195,4.0,IC50,nM,100000.0,,,,0,dude_decoy,,
CCC(C)Cc1ccc(C(C)C(=O)O)cc1,DECOY_000196,4.0,IC50,nM,100000.0,,,,0,dude_decoy,,
CCC(=O)Nc1ccccc1C,DECOY_000197,4.0,IC50,nM,100000.0,,,,0,dude_decoy,,
CCC(C)NCc1ccc(O)cc1,DECOY_000198,4.0,IC50,nM,100000.0,,,,0,dude_decoy,,
CCCOC(=O)c1ccccc1,DECOY_000199,4.0,IC50,nM,100000.0,,,,0,dude_decoy,,
CCc1ccc(C(=O)O)cc1,DECOY_000200,4.0,IC50,nM,100000.0,,,,0,dude_decoy,,
CCC(C)Cc1ccc(C(C)C(=O)O)cc1,DECOY_000201,4.0,IC50,nM,100000.0,,,,0,dude_decoy,,
CCC(=O)Nc1ccccc1C,DECOY_000202,4.0,IC50,nM,100000.0,,,,0,dude_decoy,,
CCC(C)NCc1ccc(O)cc1,DECOY_000203,4.0,IC50,nM,100000.0,,,,0,dude_decoy,,
CCCOC(=O)c1ccccc1,DECOY_000204,4.0,IC50,nM,100000.0,,,,0,dude_decoy,,
CCc1ccc(C(=O)O)cc1,DECOY_000205,4.0,IC50,nM,100000.0,,,,0,dude_decoy,,
CCC(C)Cc1ccc(C(C)C(=O)O)cc1,DECOY_000206,4.0,IC50,nM,100000.0,,,,0,dude_decoy,,
CCC(=O)Nc1ccccc1C,DECOY_000207,4.0,IC50,nM,100000.0,,,,0,dude_decoy,,
CCC(C)NCc1ccc(O)cc1,DECOY_000208,4.0,IC50,nM,100000.0,,,,0,dude_decoy,,
CCCOC(=O)c1ccccc1,DECOY_000209,4.0,IC50,nM,100000.0,,,,0,dude_decoy,,
CCc1ccc(C(=O)O)cc1,DECOY_000210,4.0,IC50,nM,100000.0,,,,0,dude_decoy,,
CCC(C)Cc1ccc(C(C)C(=O)O)cc1,DECOY_000211,4.0,IC50,nM,100000.0,,,,0,dude_decoy,,
CCC(=O)Nc1ccccc1C,DECOY_000212,4.0,IC50,nM,100000.0,,,,0,dude_decoy,,
CCC(C)NCc1ccc(O)cc1,DECOY_000213,4.0,IC50,nM,100000.0,,,,0,dude_decoy,,
CCCOC(=O)c1ccccc1,DECOY_000214,4.0,IC50,nM,100000.0,,,,0,dude_decoy,,
CCc1ccc(C(=O)O)cc1,DECOY_000215,4.0,IC50,nM,100000.0,,,,0,dude_decoy,,
CCC(C)Cc1ccc(C(C)C(=O)O)cc1,DECOY_000216,4.0,IC50,nM,100000.0,,,,0,dude_decoy,,
CCC(=O)Nc1ccccc1C,DECOY_000217,4.0,IC50,nM,100000.0,,,,0,dude_decoy,,
CCC(C)NCc1ccc(O)cc1,DECOY_000218,4.0,IC50,nM,100000.0,,,,0,dude_decoy,,
CCCOC(=O)c1ccccc1,DECOY_000219,4.0,IC50,nM,100000.0,,,,0,dude_decoy,,
CCc1ccc(C(=O)O)cc1,DECOY_000220,4.0,IC50,nM,100000.0,,,,0,dude_decoy,,
CCC(C)Cc1ccc(C(C)C(=O)O)cc1,DECOY_000221,4.0,IC50,nM,100000.0,,,,0,dude_decoy,,
CCC(=O)Nc1ccccc1C,DECOY_000222,4.0,IC50,nM,100000.0,,,,0,dude_decoy,,
CCC(C)NCc1ccc(O)cc1,DECOY_000223,4.0,IC50,nM,100000.0,,,,0,dude_decoy,,
CCCOC(=O)c1ccccc1,DECOY_000224,4.0,IC50,nM,100000.0,,,,0,dude_decoy,,
CCc1ccc(C(=O)O)cc1,DECOY_000225,4.0,IC50,nM,100000.0,,,,0,dude_decoy,,
CCC(C)Cc1ccc(C(C)C(=O)O)cc1,DECOY_000226,4.0,IC50,nM,100000.0,,,,0,dude_decoy,,
CCC(=O)Nc1ccccc1C,DECOY_000227,4.0,IC50,nM,100000.0,,,,0,dude_decoy,,
CCC(C)NCc1ccc(O)cc1,DECOY_000228,4.0,IC50,nM,100000.0,,,,0,dude_decoy,,
CCCOC(=O)c1ccccc1,DECOY_000229,4.0,IC50,nM,100000.0,,,,0,dude_decoy,,
CCc1ccc(C(=O)O)cc1,DECOY_000230,4.0,IC50,nM,100000.0,,,,0,dude_decoy,,
CCC(C)Cc1ccc(C(C)C(=O)O)cc1,DECOY_000231,4.0,IC50,nM,100000.0,,,,0,dude_decoy,,
CCC(=O)Nc1ccccc1C,DECOY_000232,4.0,IC50,nM,100000.0,,,,0,dude_decoy,,
CCC(C)NCc1ccc(O)cc1,DECOY_000233,4.0,IC50,nM,100000.0,,,,0,dude_decoy,,
CCCOC(=O)c1ccccc1,DECOY_000234,4.0,IC50,nM,100000.0,,,,0,dude_decoy,,
CCc1ccc(C(=O)O)cc1,DECOY_000235,4.0,IC50,nM,100000.0,,,,0,dude_decoy,,
CCC(C)Cc1ccc(C(C)C(=O)O)cc1,DECOY_000236,4.0,IC50,nM,100000.0,,,,0,dude_decoy,,
CCC(=O)Nc1ccccc1C,DECOY_000237,4.0,IC50,nM,100000.0,,,,0,dude_decoy,,
CCC(C)NCc1ccc(O)cc1,DECOY_000238,4.0,IC50,nM,100000.0,,,,0,dude_decoy,,
CCCOC(=O)c1ccccc1,DECOY_000239,4.0,IC50,nM,100000.0,,,,0,dude_decoy,,
CCc1ccc(C(=O)O)cc1,DECOY_000240,4.0,IC50,nM,100000.0,,,,0,dude_decoy,,
CCC(C)Cc1ccc(C(C)C(=O)O)cc1,DECOY_000241,4.0,IC50,nM,100000.0,,,,0,dude_decoy,,
CCC(=O)Nc1ccccc1C,DECOY_000242,4.0,IC50,nM,100000.0,,,,0,dude_decoy,,
CCC(C)NCc1ccc(O)cc1,DECOY_000243,4.0,IC50,nM,100000.0,,,,0,dude_decoy,,
CCCOC(=O)c1ccccc1,DECOY_000244,4.0,IC50,nM,100000.0,,,,0,dude_decoy,,
CCc1ccc(C(=O)O)cc1,DECOY_000245,4.0,IC50,nM,100000.0,,,,0,dude_decoy,,
CCC(C)Cc1ccc(C(C)C(=O)O)cc1,DECOY_000246,4.0,IC50,nM,100000.0,,,,0,dude_decoy,,
CCC(=O)Nc1ccccc1C,DECOY_000247,4.0,IC50,nM,100000.0,,,,0,dude_decoy,,
CCC(C)NCc1ccc(O)cc1,DECOY_000248,4.0,IC50,nM,100000.0,,,,0,dude_decoy,,
CCCOC(=O)c1ccccc1,DECOY_000249,4.0,IC50,nM,100000.0,,,,0,dude_decoy,,
CCc1ccc(C(=O)O)cc1,DECOY_000250,4.0,IC50,nM,100000.0,,,,0,dude_decoy,,
CCC(C)Cc1ccc(C(C)C(=O)O)cc1,DECOY_000251,4.0,IC50,nM,100000.0,,,,0,dude_decoy,,
CCC(=O)Nc1ccccc1C,DECOY_000252,4.0,IC50,nM,100000.0,,,,0,dude_decoy,,
CCC(C)NCc1ccc(O)cc1,DECOY_000253,4.0,IC50,nM,100000.0,,,,0,dude_decoy,,
CCCOC(=O)c1ccccc1,DECOY_000254,4.0,IC50,nM,100000.0,,,,0,dude_decoy,,
CCc1ccc(C(=O)O)cc1,DECOY_000255,4.0,IC50,nM,100000.0,,,,0,dude_decoy,,
CCC(C)Cc1ccc(C(C)C(=O)O)cc1,DECOY_000256,4.0,IC50,nM,100000.0,,,,0,dude_decoy,,
CCC(=O)Nc1ccccc1C,DECOY_000257,4.0,IC50,nM,100000.0,,,,0,dude_decoy,,
CCC(C)NCc1ccc(O)cc1,DECOY_000258,4.0,IC50,nM,100000.0,,,,0,dude_decoy,,
CCCOC(=O)c1ccccc1,DECOY_000259,4.0,IC50,nM,100000.0,,,,0,dude_decoy,,
CCc1ccc(C(=O)O)cc1,DECOY_000260,4.0,IC50,nM,100000.0,,,,0,dude_decoy,,
CCC(C)Cc1ccc(C(C)C(=O)O)cc1,DECOY_000261,4.0,IC50,nM,100000.0,,,,0,dude_decoy,,
CCC(=O)Nc1ccccc1C,DECOY_000262,4.0,IC50,nM,100000.0,,,,0,dude_decoy,,
CCC(C)NCc1ccc(O)cc1,DECOY_000263,4.0,IC50,nM,100000.0,,,,0,dude_decoy,,
CCCOC(=O)c1ccccc1,DECOY_000264,4.0,IC50,nM,100000.0,,,,0,dude_decoy,,
CCc1ccc(C(=O)O)cc1,DECOY_000265,4.0,IC50,nM,100000.0,,,,0,dude_decoy,,
CCC(C)Cc1ccc(C(C)C(=O)O)cc1,DECOY_000266,4.0,IC50,nM,100000.0,,,,0,dude_decoy,,
CCC(=O)Nc1ccccc1C,DECOY_000267,4.0,IC50,nM,100000.0,,,,0,dude_decoy,,
CCC(C)NCc1ccc(O)cc1,DECOY_000268,4.0,IC50,nM,100000.0,,,,0,dude_decoy,,
CCCOC(=O)c1ccccc1,DECOY_000269,4.0,IC50,nM,100000.0,,,,0,dude_decoy,,
CCc1ccc(C(=O)O)cc1,DECOY_000270,4.0,IC50,nM,100000.0,,,,0,dude_decoy,,
CCC(C)Cc1ccc(C(C)C(=O)O)cc1,DECOY_000271,4.0,IC50,nM,100000.0,,,,0,dude_decoy,,
CCC(=O)Nc1ccccc1C,DECOY_000272,4.0,IC50,nM,100000.0,,,,0,dude_decoy,,
CCC(C)NCc1ccc(O)cc1,DECOY_000273,4.0,IC50,nM,100000.0,,,,0,dude_decoy,,
CCCOC(=O)c1ccccc1,DECOY_000274,4.0,IC50,nM,100000.0,,,,0,dude_decoy,,
CCc1ccc(C(=O)O)cc1,DECOY_000275,4.0,IC50,nM,100000.0,,,,0,dude_decoy,,
CCC(C)Cc1ccc(C(C)C(=O)O)cc1,DECOY_000276,4.0,IC50,nM,100000.0,,,,0,dude_decoy,,
CCC(=O)Nc1ccccc1C,DECOY_000277,4.0,IC50,nM,100000.0,,,,0,dude_decoy,,
CCC(C)NCc1ccc(O)cc1,DECOY_000278,4.0,IC50,nM,100000.0,,,,0,dude_decoy,,
CCCOC(=O)c1ccccc1,DECOY_000279,4.0,IC50,nM,100000.0,,,,0,dude_decoy,,
CCc1ccc(C(=O)O)cc1,DECOY_000280,4.0,IC50,nM,100000.0,,,,0,dude_decoy,,
CCC(C)Cc1ccc(C(C)C(=O)O)cc1,DECOY_000281,4.0,IC50,nM,100000.0,,,,0,dude_decoy,,
CCC(=O)Nc1ccccc1C,DECOY_000282,4.0,IC50,nM,100000.0,,,,0,dude_decoy,,
CCC(C)NCc1ccc(O)cc1,DECOY_000283,4.0,IC50,nM,100000.0,,,,0,dude_decoy,,
CCCOC(=O)c1ccccc1,DECOY_000284,4.0,IC50,nM,100000.0,,,,0,dude_decoy,,
CCc1ccc(C(=O)O)cc1,DECOY_000285,4.0,IC50,nM,100000.0,,,,0,dude_decoy,,
CCC(C)Cc1ccc(C(C)C(=O)O)cc1,DECOY_000286,4.0,IC50,nM,100000.0,,,,0,dude_decoy,,
CCC(=O)Nc1ccccc1C,DECOY_000287,4.0,IC50,nM,100000.0,,,,0,dude_decoy,,
CCC(C)NCc1ccc(O)cc1,DECOY_000288,4.0,IC50,nM,100000.0,,,,0,dude_decoy,,
CCCOC(=O)c1ccccc1,DECOY_000289,4.0,IC50,nM,100000.0,,,,0,dude_decoy,,
CCc1ccc(C(=O)O)cc1,DECOY_000290,4.0,IC50,nM,100000.0,,,,0,dude_decoy,,
CCC(C)Cc1ccc(C(C)C(=O)O)cc1,DECOY_000291,4.0,IC50,nM,100000.0,,,,0,dude_decoy,,
CCC(=O)Nc1ccccc1C,DECOY_000292,4.0,IC50,nM,100000.0,,,,0,dude_decoy,,
CCC(C)NCc1ccc(O)cc1,DECOY_000293,4.0,IC50,nM,100000.0,,,,0,dude_decoy,,
CCCOC(=O)c1ccccc1,DECOY_000294,4.0,IC50,nM,100000.0,,,,0,dude_decoy,,
CCc1ccc(C(=O)O)cc1,DECOY_000295,4.0,IC50,nM,100000.0,,,,0,dude_decoy,,
CCC(C)Cc1ccc(C(C)C(=O)O)cc1,DECOY_000296,4.0,IC50,nM,100000.0,,,,0,dude_decoy,,
CCC(=O)Nc1ccccc1C,DECOY_000297,4.0,IC50,nM,100000.0,,,,0,dude_decoy,,
CCC(C)NCc1ccc(O)cc1,DECOY_000298,4.0,IC50,nM,100000.0,,,,0,dude_decoy,,
CCCOC(=O)c1ccccc1,DECOY_000299,4.0,IC50,nM,100000.0,,,,0,dude_decoy,,
CCc1ccc(C(=O)O)cc1,DECOY_000300,4.0,IC50,nM,100000.0,,,,0,dude_decoy,,
CCC(C)Cc1ccc(C(C)C(=O)O)cc1,DECOY_000301,4.0,IC50,nM,100000.0,,,,0,dude_decoy,,
CCC(=O)Nc1ccccc1C,DECOY_000302,4.0,IC50,nM,100000.0,,,,0,dude_decoy,,
CCC(C)NCc1ccc(O)cc1,DECOY_000303,4.0,IC50,nM,100000.0,,,,0,dude_decoy,,
CCCOC(=O)c1ccccc1,DECOY_000304,4.0,IC50,nM,100000.0,,,,0,dude_decoy,,
CCc1ccc(C(=O)O)cc1,DECOY_000305,4.0,IC50,nM,100000.0,,,,0,dude_decoy,,
CCC(C)Cc1ccc(C(C)C(=O)O)cc1,DECOY_000306,4.0,IC50,nM,100000.0,,,,0,dude_decoy,,
CCC(=O)Nc1ccccc1C,DECOY_000307,4.0,IC50,nM,100000.0,,,,0,dude_decoy,,
CCC(C)NCc1ccc(O)cc1,DECOY_000308,4.0,IC50,nM,100000.0,,,,0,dude_decoy,,
CCCOC(=O)c1ccccc1,DECOY_000309,4.0,IC50,nM,100000.0,,,,0,dude_decoy,,
CCc1ccc(C(=O)O)cc1,DECOY_000310,4.0,IC50,nM,100000.0,,,,0,dude_decoy,,
CCC(C)Cc1ccc(C(C)C(=O)O)cc1,DECOY_000311,4.0,IC50,nM,100000.0,,,,0,dude_decoy,,
CCC(=O)Nc1ccccc1C,DECOY_000312,4.0,IC50,nM,100000.0,,,,0,dude_decoy,,
CCC(C)NCc1ccc(O)cc1,DECOY_000313,4.0,IC50,nM,100000.0,,,,0,dude_decoy,,
CCCOC(=O)c1ccccc1,DECOY_000314,4.0,IC50,nM,100000.0,,,,0,dude_decoy,,
CCc1ccc(C(=O)O)cc1,DECOY_000315,4.0,IC50,nM,100000.0,,,,0,dude_decoy,,
CCC(C)Cc1ccc(C(C)C(=O)O)cc1,DECOY_000316,4.0,IC50,nM,100000.0,,,,0,dude_decoy,,
CCC(=O)Nc1ccccc1C,DECOY_000317,4.0,IC50,nM,100000.0,,,,0,dude_decoy,,
CCC(C)NCc1ccc(O)cc1,DECOY_000318,4.0,IC50,nM,100000.0,,,,0,dude_decoy,,
CCCOC(=O)c1ccccc1,DECOY_000319,4.0,IC50,nM,100000.0,,,,0,dude_decoy,,
CCc1ccc(C(=O)O)cc1,DECOY_000320,4.0,IC50,nM,100000.0,,,,0,dude_decoy,,
CCC(C)Cc1ccc(C(C)C(=O)O)cc1,DECOY_000321,4.0,IC50,nM,100000.0,,,,0,dude_decoy,,
CCC(=O)Nc1ccccc1C,DECOY_000322,4.0,IC50,nM,100000.0,,,,0,dude_decoy,,
CCC(C)NCc1ccc(O)cc1,DECOY_000323,4.0,IC50,nM,100000.0,,,,0,dude_decoy,,
CCCOC(=O)c1ccccc1,DECOY_000324,4.0,IC50,nM,100000.0,,,,0,dude_decoy,,
CCc1ccc(C(=O)O)cc1,DECOY_000325,4.0,IC50,nM,100000.0,,,,0,dude_decoy,,
CCC(C)Cc1ccc(C(C)C(=O)O)cc1,DECOY_000326,4.0,IC50,nM,100000.0,,,,0,dude_decoy,,
CCC(=O)Nc1ccccc1C,DECOY_000327,4.0,IC50,nM,100000.0,,,,0,dude_decoy,,
CCC(C)NCc1ccc(O)cc1,DECOY_000328,4.0,IC50,nM,100000.0,,,,0,dude_decoy,,
CCCOC(=O)c1ccccc1,DECOY_000329,4.0,IC50,nM,100000.0,,,,0,dude_decoy,,
CCc1ccc(C(=O)O)cc1,DECOY_000330,4.0,IC50,nM,100000.0,,,,0,dude_decoy,,
CCC(C)Cc1ccc(C(C)C(=O)O)cc1,DECOY_000331,4.0,IC50,nM,100000.0,,,,0,dude_decoy,,
CCC(=O)Nc1ccccc1C,DECOY_000332,4.0,IC50,nM,100000.0,,,,0,dude_decoy,,
CCC(C)NCc1ccc(O)cc1,DECOY_000333,4.0,IC50,nM,100000.0,,,,0,dude_decoy,,
CCCOC(=O)c1ccccc1,DECOY_000334,4.0,IC50,nM,100000.0,,,,0,dude_decoy,,
CCc1ccc(C(=O)O)cc1,DECOY_000335,4.0,IC50,nM,100000.0,,,,0,dude_decoy,,
CCC(C)Cc1ccc(C(C)C(=O)O)cc1,DECOY_000336,4.0,IC50,nM,100000.0,,,,0,dude_decoy,,
CCC(=O)Nc1ccccc1C,DECOY_000337,4.0,IC50,nM,100000.0,,,,0,dude_decoy,,
CCC(C)NCc1ccc(O)cc1,DECOY_000338,4.0,IC50,nM,100000.0,,,,0,dude_decoy,,
CCCOC(=O)c1ccccc1,DECOY_000339,4.0,IC50,nM,100000.0,,,,0,dude_decoy,,
CCc1ccc(C(=O)O)cc1,DECOY_000340,4.0,IC50,nM,100000.0,,,,0,dude_decoy,,
CCC(C)Cc1ccc(C(C)C(=O)O)cc1,DECOY_000341,4.0,IC50,nM,100000.0,,,,0,dude_decoy,,
CCC(=O)Nc1ccccc1C,DECOY_000342,4.0,IC50,nM,100000.0,,,,0,dude_decoy,,
CCC(C)NCc1ccc(O)cc1,DECOY_000343,4.0,IC50,nM,100000.0,,,,0,dude_decoy,,
CCCOC(=O)c1ccccc1,DECOY_000344,4.0,IC50,nM,100000.0,,,,0,dude_decoy,,
CCc1ccc(C(=O)O)cc1,DECOY_000345,4.0,IC50,nM,100000.0,,,,0,dude_decoy,,
CCC(C)Cc1ccc(C(C)C(=O)O)cc1,DECOY_000346,4.0,IC50,nM,100000.0,,,,0,dude_decoy,,
CCC(=O)Nc1ccccc1C,DECOY_000347,4.0,IC50,nM,100000.0,,,,0,dude_decoy,,
CCC(C)NCc1ccc(O)cc1,DECOY_000348,4.0,IC50,nM,100000.0,,,,0,dude_decoy,,
CCCOC(=O)c1ccccc1,DECOY_000349,4.0,IC50,nM,100000.0,,,,0,dude_decoy,,
CCc1ccc(C(=O)O)cc1,DECOY_000350,4.0,IC50,nM,100000.0,,,,0,dude_decoy,,
CCC(C)Cc1ccc(C(C)C(=O)O)cc1,DECOY_000351,4.0,IC50,nM,100000.0,,,,0,dude_decoy,,
CCC(=O)Nc1ccccc1C,DECOY_000352,4.0,IC50,nM,100000.0,,,,0,dude_decoy,,
CCC(C)NCc1ccc(O)cc1,DECOY_000353,4.0,IC50,nM,100000.0,,,,0,dude_decoy,,
CCCOC(=O)c1ccccc1,DECOY_000354,4.0,IC50,nM,100000.0,,,,0,dude_decoy,,
CCc1ccc(C(=O)O)cc1,DECOY_000355,4.0,IC50,nM,100000.0,,,,0,dude_decoy,,
CCC(C)Cc1ccc(C(C)C(=O)O)cc1,DECOY_000356,4.0,IC50,nM,100000.0,,,,0,dude_decoy,,
CCC(=O)Nc1ccccc1C,DECOY_000357,4.0,IC50,nM,100000.0,,,,0,dude_decoy,,
CCC(C)NCc1ccc(O)cc1,DECOY_000358,4.0,IC50,nM,100000.0,,,,0,dude_decoy,,
CCCOC(=O)c1ccccc1,DECOY_000359,4.0,IC50,nM,100000.0,,,,0,dude_decoy,,
CCc1ccc(C(=O)O)cc1,DECOY_000360,4.0,IC50,nM,100000.0,,,,0,dude_decoy,,
CCC(C)Cc1ccc(C(C)C(=O)O)cc1,DECOY_000361,4.0,IC50,nM,100000.0,,,,0,dude_decoy,,
CCC(=O)Nc1ccccc1C,DECOY_000362,4.0,IC50,nM,100000.0,,,,0,dude_decoy,,
CCC(C)NCc1ccc(O)cc1,DECOY_000363,4.0,IC50,nM,100000.0,,,,0,dude_decoy,,
CCCOC(=O)c1ccccc1,DECOY_000364,4.0,IC50,nM,100000.0,,,,0,dude_decoy,,
CCc1ccc(C(=O)O)cc1,DECOY_000365,4.0,IC50,nM,100000.0,,,,0,dude_decoy,,
CCC(C)Cc1ccc(C(C)C(=O)O)cc1,DECOY_000366,4.0,IC50,nM,100000.0,,,,0,dude_decoy,,
CCC(=O)Nc1ccccc1C,DECOY_000367,4.0,IC50,nM,100000.0,,,,0,dude_decoy,,
CCC(C)NCc1ccc(O)cc1,DECOY_000368,4.0,IC50,nM,100000.0,,,,0,dude_decoy,,
CCCOC(=O)c1ccccc1,DECOY_000369,4.0,IC50,nM,100000.0,,,,0,dude_decoy,,
CCc1ccc(C(=O)O)cc1,DECOY_000370,4.0,IC50,nM,100000.0,,,,0,dude_decoy,,
CCC(C)Cc1ccc(C(C)C(=O)O)cc1,DECOY_000371,4.0,IC50,nM,100000.0,,,,0,dude_decoy,,
CCC(=O)Nc1ccccc1C,DECOY_000372,4.0,IC50,nM,100000.0,,,,0,dude_decoy,,
CCC(C)NCc1ccc(O)cc1,DECOY_000373,4.0,IC50,nM,100000.0,,,,0,dude_decoy,,
CCCOC(=O)c1ccccc1,DECOY_000374,4.0,IC50,nM,100000.0,,,,0,dude_decoy,,
CCc1ccc(C(=O)O)cc1,DECOY_000375,4.0,IC50,nM,100000.0,,,,0,dude_decoy,,
CCC(C)Cc1ccc(C(C)C(=O)O)cc1,DECOY_000376,4.0,IC50,nM,100000.0,,,,0,dude_decoy,,
CCC(=O)Nc1ccccc1C,DECOY_000377,4.0,IC50,nM,100000.0,,,,0,dude_decoy,,
CCC(C)NCc1ccc(O)cc1,DECOY_000378,4.0,IC50,nM,100000.0,,,,0,dude_decoy,,
CCCOC(=O)c1ccccc1,DECOY_000379,4.0,IC50,nM,100000.0,,,,0,dude_decoy,,
CCc1ccc(C(=O)O)cc1,DECOY_000380,4.0,IC50,nM,100000.0,,,,0,dude_decoy,,
CCC(C)Cc1ccc(C(C)C(=O)O)cc1,DECOY_000381,4.0,IC50,nM,100000.0,,,,0,dude_decoy,,
CCC(=O)Nc1ccccc1C,DECOY_000382,4.0,IC50,nM,100000.0,,,,0,dude_decoy,,
CCC(C)NCc1ccc(O)cc1,DECOY_000383,4.0,IC50,nM,100000.0,,,,0,dude_decoy,,
CCCOC(=O)c1ccccc1,DECOY_000384,4.0,IC50,nM,100000.0,,,,0,dude_decoy,,
CCc1ccc(C(=O)O)cc1,DECOY_000385,4.0,IC50,nM,100000.0,,,,0,dude_decoy,,
CCC(C)Cc1ccc(C(C)C(=O)O)cc1,DECOY_000386,4.0,IC50,nM,100000.0,,,,0,dude_decoy,,
CCC(=O)Nc1ccccc1C,DECOY_000387,4.0,IC50,nM,100000.0,,,,0,dude_decoy,,
CCC(C)NCc1ccc(O)cc1,DECOY_000388,4.0,IC50,nM,100000.0,,,,0,dude_decoy,,
CCCOC(=O)c1ccccc1,DECOY_000389,4.0,IC50,nM,100000.0,,,,0,dude_decoy,,
CCc1ccc(C(=O)O)cc1,DECOY_000390,4.0,IC50,nM,100000.0,,,,0,dude_decoy,,
CCC(C)Cc1ccc(C(C)C(=O)O)cc1,DECOY_000391,4.0,IC50,nM,100000.0,,,,0,dude_decoy,,
CCC(=O)Nc1ccccc1C,DECOY_000392,4.0,IC50,nM,100000.0,,,,0,dude_decoy,,
CCC(C)NCc1ccc(O)cc1,DECOY_000393,4.0,IC50,nM,100000.0,,,,0,dude_decoy,,
CCCOC(=O)c1ccccc1,DECOY_000394,4.0,IC50,nM,100000.0,,,,0,dude_decoy,,
CCc1ccc(C(=O)O)cc1,DECOY_000395,4.0,IC50,nM,100000.0,,,,0,dude_decoy,,
CCC(C)Cc1ccc(C(C)C(=O)O)cc1,DECOY_000396,4.0,IC50,nM,100000.0,,,,0,dude_decoy,,
CCC(=O)Nc1ccccc1C,DECOY_000397,4.0,IC50,nM,100000.0,,,,0,dude_decoy,,
CCC(C)NCc1ccc(O)cc1,DECOY_000398,4.0,IC50,nM,100000.0,,,,0,dude_decoy,,
CCCOC(=O)c1ccccc1,DECOY_000399,4.0,IC50,nM,100000.0,,,,0,dude_decoy,,
CCc1ccc(C(=O)O)cc1,DECOY_000400,4.0,IC50,nM,100000.0,,,,0,dude_decoy,,
CCC(C)Cc1ccc(C(C)C(=O)O)cc1,DECOY_000401,4.0,IC50,nM,100000.0,,,,0,dude_decoy,,
Cn1c(=O)c(-c2c(Cl)cccc2Cl)cc2cnc(Nc3cccc(CO)c3)nc21,CHEMBL327127,6.86,IC50,nM,139.0,IC50,M,1.39E-7,1,chembl_active,,
CCN(CCOc1ccc(Nc2ncc3cc(-c4c(Cl)cccc4Cl)c(=O)n(C)c3n2)cc1)C(C)=O,CHEMBL573820,6.33,IC50,nM,463.0,IC50,M,4.63E-7,1,chembl_active,,
Cn1c(=O)c(-c2c(Cl)cccc2Cl)cc2cnc(Nc3ccc(NC(=O)CCNC(=O)OC(C)(C)C)cc3)nc21,CHEMBL565609,6.51,IC50,nM,311.0,IC50,nM,311.0,1,chembl_active,,
Cn1c(=O)c(-c2c(Cl)cccc2Cl)cc2cnc(Nc3ccc(NCC(O)CO)cc3)nc21,CHEMBL567068,7.38,IC50,nM,42.0,IC50,nM,42.0,1,chembl_active,,
Cn1c(=O)c(-c2c(Cl)cccc2Cl)cc2cnc(Nc3ccc(NC(=O)CCN)cc3)nc21,CHEMBL566635,7.58,IC50,nM,26.0,IC50,nM,26.0,1,chembl_active,,
Cn1c(=O)c(-c2c(Cl)cccc2Cl)cc2cnc(Nc3cccc(O)c3)nc21,CHEMBL321193,7.12,IC50,nM,76.0,IC50,nM,76.0,1,chembl_active,,
Cn1c(=O)c(-c2c(Cl)cccc2Cl)cc2cnc(Nc3cccc(CO)c3)nc21,CHEMBL327127,7.35,IC50,nM,45.0,IC50,nM,45.0,1,chembl_active,,
CCc1cccc(Nc2ncc3cc(-c4c(Cl)cccc4Cl)c(=O)n(C)c3n2)c1,CHEMBL565372,6.61,IC50,nM,244.0,IC50,nM,244.0,1,chembl_active,,
Cn1c(=O)c(-c2c(Cl)cccc2Cl)cc2cnc(Nc3cccc(COCC(O)CO)c3)nc21,CHEMBL566834,7.06,IC50,nM,87.0,IC50,nM,87.0,1,chembl_active,,
Cn1c(=O)c(-c2c(Cl)cccc2Cl)cc2cnc(Nc3cccc(N)c3)nc21,CHEMBL577269,7.62,IC50,nM,24.0,IC50,nM,24.0,1,chembl_active,,
CC(=O)Nc1cccc(Nc2ncc3cc(-c4c(Cl)cccc4Cl)c(=O)n(C)c3n2)c1,CHEMBL565801,7.01,IC50,nM,98.0,IC50,nM,98.0,1,chembl_active,,
Cn1c(=O)c(-c2c(Cl)cccc2Cl)cc2cnc(Nc3ccc(O)cc3)nc21,CHEMBL323405,7.09,IC50,nM,82.0,IC50,nM,82.0,1,chembl_active,,
Cn1c(=O)c(-c2c(Cl)cccc2Cl)cc2cnc(Nc3ccc(I)cc3)nc21,CHEMBL570175,6.69,IC50,nM,203.0,IC50,nM,203.0,1,chembl_active,,
Cn1c(=O)c(-c2c(Cl)cccc2Cl)cc2cnc(Nc3ccc(F)cc3)nc21,CHEMBL574059,7.33,IC50,nM,47.0,IC50,nM,47.0,1,chembl_active,,
Cc1ccc(Nc2ncc3cc(-c4c(Cl)cccc4Cl)c(=O)n(C)c3n2)cc1,CHEMBL111339,6.30,IC50,nM,500.0,IC50,nM,500.0,1,chembl_active,,
Cn1c(=O)c(-c2c(Cl)cccc2Cl)cc2cnc(Nc3ccc(CCO)cc3)nc21,CHEMBL576218,7.08,IC50,nM,83.0,IC50,nM,83.0,1,chembl_active,,
Cn1c(=O)c(-c2c(Cl)cccc2Cl)cc2cnc(Nc3ccc(N)cc3)nc21,CHEMBL566636,7.52,IC50,nM,30.0,IC50,nM,30.0,1,chembl_active,,
CC(=O)Nc1ccc(Nc2ncc3cc(-c4c(Cl)cccc4Cl)c(=O)n(C)c3n2)cc1,CHEMBL566850,6.80,IC50,nM,158.0,IC50,nM,158.0,1,chembl_active,,
Cn1c(=O)c(-c2c(Cl)cccc2Cl)cc2cnc(Nc3ccc(NC(=O)CCl)cc3)nc21,CHEMBL565587,6.96,IC50,nM,111.0,IC50,nM,111.0,1,chembl_active,,
COc1ccc(-c2cnc3cc(OC)c(OC)cc3c2)cc1C,CHEMBL66925,6.40,IC50,nM,400.0,IC50,uM,0.4,1,chembl_active,,
COc1ccc(-c2cnc3cc(OC)c(OC)cc3c2)cc1,CHEMBL70130,7.82,IC50,nM,15.0,IC50,uM,0.015,1,chembl_active,,
COc1cc2cc(-c3ccc(O)cc3)cnc2cc1OC,CHEMBL303704,7.52,IC50,nM,30.0,IC50,uM,0.03,1,chembl_active,,
COc1cc2cc(-c3ccc(OC)c([N+](=O)[O-])c3)cnc2cc1OC,CHEMBL67170,6.30,IC50,nM,500.0,IC50,uM,0.5,1,chembl_active,,
COc1cc2cc(-c3cccc(F)c3)cnc2cc1OC,CHEMBL302491,7.60,IC50,nM,25.0,IC50,uM,0.025,1,chembl_active,,
CCOC(=O)c1ccc(-c2cnc3cc(OC)c(OC)cc3c2)cc1,CHEMBL67169,6.70,IC50,nM,200.0,IC50,uM,0.2,1,chembl_active,,
COc1cc2cc(-c3cc(F)c(OC)c(F)c3)cnc2cc1OC,CHEMBL66924,6.40,IC50,nM,400.0,IC50,uM,0.4,1,chembl_active,,
COc1cc2cc(-c3ccccc3)cnc2cc1OC,CHEMBL66063,6.82,IC50,nM,150.0,IC50,uM,0.15,1,chembl_active,,
COc1cc2cc(-c3ccc(F)c(F)c3)cnc2cc1OC,CHEMBL67424,6.70,IC50,nM,200.0,IC50,uM,0.2,1,chembl_active,,
COc1cc2cc(-c3ccc(F)cc3)cnc2cc1OC,CHEMBL68401,7.22,IC50,nM,60.0,IC50,uM,0.06,1,chembl_active,,
COc1ccc(-c2cnc3cc(OC)c(OC)cc3c2)cc1F,CHEMBL67436,8.30,IC50,nM,5.0,IC50,uM,0.005,1,chembl_active,,
COc1cc2cc(-c3ccc([N+](=O)[O-])cc3)cnc2cc1OC,CHEMBL69585,6.82,IC50,nM,150.0,IC50,uM,0.15,1,chembl_active,,
COc1cc2cc(-c3cc(OC)c(OC)c(OC)c3)cnc2cc1OC,CHEMBL66107,,IC50,nM,50000.0,IC50,uM,50.0,0,experimental_inactive,,confirmed_inactive
COc1ccc(-c2cnc3cc(OC)c(OC)cc3c2)c(OC)c1,CHEMBL67991,,IC50,nM,50000.0,IC50,uM,50.0,0,experimental_inactive,,confirmed_inactive
COc1cc(O)c2c(O)c(-c3cccc(Cl)c3)cnc2c1,CHEMBL440453,,IC50,nM,10000.0,IC50,uM,10.0,0,experimental_inactive,,confirmed_inactive
Oc1cc(O)c2c(O)c(-c3cccc(Cl)c3)cnc2c1,CHEMBL266995,,IC50,nM,10000.0,IC50,uM,10.0,0,experimental_inactive,,confirmed_inactive
Cc1ccc(NC(=O)c2ccc(Cl)cc2)cc1Nc1nccc(-c2cccnc2)n1,CHEMBL21162,8.00,IC50,nM,10.0,IC50,uM,0.01,1,chembl_active,,
COc1ccccc1C(=O)Nc1ccc(C)c(Nc2nccc(-c3cccnc3)n2)c1,CHEMBL418010,6.52,IC50,nM,300.0,IC50,uM,0.3,1,chembl_active,,
Cc1ccc(C(=O)Nc2ccc(C)c(Nc3nccc(-c4cccnc4)n3)c2)cc1,CHEMBL20867,8.00,IC50,nM,10.0,IC50,uM,0.01,1,chembl_active,,
Cc1ccc(NC(=O)c2ccccc2)cc1Nc1nccc(-c2cccnc2)n1,CHEMBL20926,7.00,IC50,nM,100.0,IC50,uM,0.1,1,chembl_active,,
O=C(Nc1ccc(Cl)c(Nc2nccc(-c3cccnc3)n2)c1)c1ccccc1,CHEMBL278630,6.82,IC50,nM,150.0,IC50,uM,0.15,1,chembl_active,,
Cc1ccc(C(=O)Nc2ccc(C)c(Nc3nccc(-c4cccnc4)n3)c2)cc1,CHEMBL20867,8.00,IC50,nM,10.0,IC50,uM,0.01,1,chembl_active,,
Cc1ccc(NC(=O)c2ccc(Cl)cc2)cc1Nc1nccc(-c2cccnc2)n1,CHEMBL21162,8.00,IC50,nM,10.0,IC50,uM,0.01,1,chembl_active,,
Cc1ccc(C(=O)Nc2cccc(Nc3nccc(-c4cccnc4)n3)c2)cc1,CHEMBL59036,6.10,IC50,nM,800.0,IC50,uM,0.8,1,chembl_active,,
COc1ccccc1C(=O)Nc1cccc(Nc2nccc(-c3cccnc3)n2)c1,CHEMBL299707,6.00,IC50,nM,1000.0,IC50,uM,1.0,1,chembl_active,,
COc1ccccc1C(=O)Nc1ccc(C)c(Nc2nccc(-c3cccnc3)n2)c1,CHEMBL418010,6.52,IC50,nM,300.0,IC50,uM,0.3,1,chembl_active,,
Cc1ccc(NC(=O)c2ccccc2)cc1Nc1nccc(-c2cccnc2)n1,CHEMBL20926,7.00,IC50,nM,100.0,IC50,uM,0.1,1,chembl_active,,
Cc1ccc(C(=O)Nc2ccc(C)c(Nc3nccc(-c4cccnc4)n3)c2)cc1,CHEMBL20867,8.00,IC50,nM,10.0,IC50,uM,0.01,1,chembl_active,,
COc1ccc(NC(=O)c2ccccc2)cc1Nc1nccc(-c2cccnc2)n1,CHEMBL21086,,IC50,nM,10000.0,IC50,uM,10.0,0,experimental_inactive,,confirmed_inactive
Cc1ccc(N(C)C(=O)c2ccccc2)cc1Nc1nccc(-c2cccnc2)n1,CHEMBL278287,,IC50,nM,100000.0,IC50,uM,100.0,0,experimental_inactive,,confirmed_inactive
O=C(O)c1ccccc1C(=O)Nc1cccc(Nc2nccc(-c3cccnc3)n2)c1,CHEMBL55742,,IC50,nM,100000.0,IC50,uM,100.0,0,experimental_inactive,,confirmed_inactive
COc1cc2ncc(NC3CCCC(C)C3)nc2cc1OC,CHEMBL107677,7.39,IC50,nM,41.0,IC50,uM,0.041,1,chembl_active,,
COc1cc2ncc(NC3CCC(C(N)=O)CC3)nc2cc1OC,CHEMBL106878,6.03,IC50,nM,930.0,IC50,uM,0.93,1,chembl_active,,
COc1cc2ncc(NC3CCCCC3)nc2cc1OC,CHEMBL107402,6.91,IC50,nM,124.0,IC50,uM,0.124,1,chembl_active,,
COc1cc2ncc(N[C@H]3CC[C@@H](C(=O)OC)CC3)nc2cc1OC,CHEMBL2111669,7.55,IC50,nM,28.0,IC50,uM,0.028,1,chembl_active,,
COc1cc2ncc(N[C@H]3CC[C@H](C(=O)OC)CC3)nc2cc1OC,CHEMBL2112462,6.46,IC50,nM,345.0,IC50,uM,0.345,1,chembl_active,,
COC(=O)C1CCC(Nc2cnc3cc(OC)c(OC)cc3n2)CC1,CHEMBL321276,7.31,IC50,nM,49.0,IC50,uM,0.049,1,chembl_active,,
COc1cc2ncc(N[C@H]3CC[C@@H](O)CC3)nc2cc1OC,CHEMBL104074,7.17,IC50,nM,68.0,IC50,uM,0.068,1,chembl_active,,
COc1cc2ncc(N[C@H]3CC[C@H](O)CC3)nc2cc1OC,CHEMBL104466,7.12,IC50,nM,76.0,IC50,uM,0.076,1,chembl_active,,
COc1cc2ncc(N[C@@H]3CC[C@H](O)[C@@H](C)C3)nc2cc1OC,CHEMBL104266,7.75,IC50,nM,18.0,IC50,uM,0.018,1,chembl_active,,
COc1cc2ncc(NC3CCCCC3)nc2cc1OC,CHEMBL107402,6.91,IC50,nM,124.0,IC50,uM,0.124,1,chembl_active,,
COc1cc2ncc(N[C@H]3CC[C@H](O)CC3)nc2cc1OC,CHEMBL104466,7.12,IC50,nM,76.0,IC50,uM,0.076,1,chembl_active,,
COc1cc2ncc(NC3CCCC(C)C3)nc2cc1OC,CHEMBL107677,7.39,IC50,nM,41.0,IC50,uM,0.041,1,chembl_active,,
